2017-09-14T03:29:25Z,-71.04259,42.39153,579
2017-09-14T03:29:49Z,-71.06749,42.40085,792
2017-09-14T03:30:04Z,-71.08269,42.40671,945
2017-09-14T03:30:19Z,-71.09815,42.41481,1067
2017-09-14T03:30:46Z,-71.11386,42.4387,1189
2017-09-14T03:31:01Z,-71.12318,42.4558,1250
2017-09-14T03:31:16Z,-71.13148,42.47191,1372
2017-09-14T03:31:31Z,-71.14028,42.49049,1494
2017-09-14T03:31:46Z,-71.13985,42.5072,1554
2017-09-14T03:32:02Z,-71.12299,42.52853,1554
2017-09-14T03:32:17Z,-71.10245,42.54044,1554
2017-09-14T03:32:32Z,-71.07886,42.5527,1554
2017-09-14T03:32:47Z,-71.05293,42.56578,1554
2017-09-14T03:33:02Z,-71.02961,42.57761,1707
2017-09-14T03:33:17Z,-71.00514,42.59042,1890
2017-09-14T03:33:32Z,-70.98017,42.60358,2073
2017-09-14T03:33:47Z,-70.95582,42.61656,2256
2017-09-14T03:34:02Z,-70.93272,42.62909,2438
2017-09-14T03:34:17Z,-70.90851,42.64218,2621
2017-09-14T03:34:32Z,-70.88341,42.65582,2804
2017-09-14T03:34:47Z,-70.85832,42.66939,2957
2017-09-14T03:35:48Z,-70.75077,42.72711,3566
2017-09-14T03:36:48Z,-70.64596,42.78305,4023
2017-09-14T03:37:03Z,-70.61444,42.80617,4206
2017-09-14T03:37:44Z,-70.56545,42.87145,4420
2017-09-14T03:38:14Z,-70.53363,42.92006,4602
2017-09-14T03:38:44Z,-70.49742,42.97513,4907
2017-09-14T03:39:14Z,-70.45977,43.03196,5243
2017-09-14T03:39:47Z,-70.41949,43.0921,5517
2017-09-14T03:40:47Z,-70.34382,43.20462,6066
2017-09-14T03:41:17Z,-70.30937,43.25587,6309
2017-09-14T03:41:47Z,-70.26666,43.31923,6584
2017-09-14T03:42:17Z,-70.22799,43.3764,6797
2017-09-14T03:42:47Z,-70.18616,43.43822,7010
2017-09-14T03:43:18Z,-70.15135,43.4897,7193
2017-09-14T03:43:48Z,-70.10703,43.55488,7407
2017-09-14T03:44:18Z,-70.06371,43.61838,7590
2017-09-14T03:44:48Z,-70.0192,43.68364,7803
2017-09-14T03:45:18Z,-69.97633,43.74619,7986
2017-09-14T03:45:48Z,-69.93322,43.80899,8138
2017-09-14T03:46:21Z,-69.88908,43.87317,8321
2017-09-14T03:46:51Z,-69.84213,43.94128,8504
2017-09-14T03:47:21Z,-69.79431,44.01049,8687
2017-09-14T03:47:51Z,-69.74991,44.07454,8839
2017-09-14T03:48:25Z,-69.70487,44.13945,9022
2017-09-14T03:48:55Z,-69.64985,44.21832,9235
2017-09-14T03:49:26Z,-69.60221,44.2864,9449
2017-09-14T03:49:57Z,-69.5533,44.35623,9449
2017-09-14T03:50:28Z,-69.50628,44.42336,9449
2017-09-14T03:50:58Z,-69.46032,44.48862,9449
2017-09-14T03:51:28Z,-69.41557,44.55203,9449
2017-09-14T03:51:58Z,-69.36955,44.61701,9449
2017-09-14T03:52:28Z,-69.32433,44.68079,9449
2017-09-14T03:52:58Z,-69.27845,44.74527,9449
2017-09-14T03:53:28Z,-69.23362,44.8082,9449
2017-09-14T03:53:58Z,-69.18601,44.8748,9449
2017-09-14T03:54:58Z,-69.09439,45.00266,9449
2017-09-14T03:55:28Z,-69.04927,45.06527,9449
2017-09-14T03:55:58Z,-69.00258,45.12983,9449
2017-09-14T03:56:28Z,-68.95562,45.19473,9449
2017-09-14T03:56:58Z,-68.90987,45.25781,9449
2017-09-14T03:57:28Z,-68.86371,45.3213,9449
2017-09-14T03:57:59Z,-68.8164,45.38612,9449
2017-09-14T03:58:29Z,-68.77049,45.44888,9449
2017-09-14T03:58:59Z,-68.72399,45.51233,9449
2017-09-14T03:59:29Z,-68.67674,45.57655,9449
2017-09-14T03:59:59Z,-68.62981,45.64028,9449
2017-09-14T04:00:31Z,-68.58162,45.70555,9449
2017-09-14T04:01:01Z,-68.53345,45.77046,9449
2017-09-14T04:02:01Z,-68.43913,45.89734,9449
2017-09-14T04:03:01Z,-68.34471,46.02354,9449
2017-09-14T04:04:04Z,-68.24499,46.15627,9449
2017-09-14T04:04:34Z,-68.19736,46.21939,9449
2017-09-14T04:05:34Z,-68.10271,46.34436,9449
2017-09-14T04:06:04Z,-68.053,46.40982,9449
2017-09-14T04:06:34Z,-68.0053,46.4724,9449
2017-09-14T04:07:11Z,-67.94696,46.54857,9449
2017-09-14T04:07:41Z,-67.89846,46.61179,9449
2017-09-14T04:08:11Z,-67.85094,46.67355,9449
2017-09-14T04:08:41Z,-67.80199,46.73703,9449
2017-09-14T04:09:11Z,-67.75227,46.80139,9449
2017-09-14T04:10:14Z,-67.64817,46.93541,9449
2017-09-14T04:10:16Z,-67.67111,46.90722,9449
2017-09-14T04:11:14Z,-67.54951,47.06181,9449
2017-09-14T04:12:15Z,-67.44912,47.18958,9449
2017-09-14T04:13:18Z,-67.34681,47.31912,9449
2017-09-14T04:13:49Z,-67.28927,47.386,9449
2017-09-14T04:14:21Z,-67.22507,47.45178,9449
2017-09-14T04:15:04Z,-67.14597,47.53011,9449
2017-09-14T04:16:04Z,-67.02505,47.64896,9449
2017-09-14T04:17:05Z,-66.89477,47.77647,9449
2017-09-14T04:17:35Z,-66.83512,47.83461,9449
2017-09-14T04:18:05Z,-66.773,47.89504,9449
2017-09-14T04:18:35Z,-66.71272,47.95351,9449
2017-09-14T04:19:06Z,-66.64969,48.01449,9449
2017-09-14T04:19:36Z,-66.58759,48.07425,9449
2017-09-14T04:20:36Z,-66.46338,48.1933,9449
2017-09-14T04:21:06Z,-66.40209,48.25181,9449
2017-09-14T04:21:36Z,-66.33979,48.31131,9449
2017-09-14T04:22:36Z,-66.21418,48.43044,9449
2017-09-14T04:23:06Z,-66.15136,48.48976,9449
2017-09-14T04:23:36Z,-66.08847,48.549,9449
2017-09-14T04:24:06Z,-66.02501,48.60864,9449
2017-09-14T04:24:36Z,-65.9617,48.6679,9449
2017-09-14T04:25:36Z,-65.83463,48.78609,9449
2017-09-14T04:26:06Z,-65.77023,48.84596,9449
2017-09-14T04:26:36Z,-65.70634,48.90513,9449
2017-09-14T04:27:06Z,-65.64208,48.96444,9449
2017-09-14T04:27:37Z,-65.57669,49.02452,9449
2017-09-14T04:28:07Z,-65.5122,49.08356,9449
2017-09-14T04:28:37Z,-65.44753,49.14267,9449
2017-09-14T04:29:07Z,-65.38337,49.20122,9449
2017-09-14T04:29:37Z,-65.31872,49.26004,9449
2017-09-14T04:30:07Z,-65.25358,49.319,9449
2017-09-14T04:30:37Z,-65.18738,49.37874,9449
2017-09-14T04:31:07Z,-65.12242,49.43713,9449
2017-09-14T04:31:37Z,-65.05749,49.49542,9449
2017-09-14T04:32:07Z,-64.99096,49.55504,9449
2017-09-14T04:32:37Z,-64.92602,49.61302,9449
2017-09-14T04:33:07Z,-64.86025,49.67152,9449
2017-09-14T04:33:37Z,-64.79411,49.73021,9449
2017-09-14T04:34:07Z,-64.72863,49.78812,9449
2017-09-14T04:34:39Z,-64.65521,49.85279,9449
2017-09-14T04:35:09Z,-64.58855,49.9113,9449
2017-09-14T04:36:05Z,-64.46626,50.01819,9449
2017-09-14T04:36:35Z,-64.39933,50.07646,9449
2017-09-14T04:37:10Z,-64.31664,50.14821,9449
2017-09-14T04:37:40Z,-64.25072,50.20533,9449
2017-09-14T04:38:19Z,-64.16471,50.2852,9449
2017-09-14T04:38:49Z,-64.10428,50.34384,9449
2017-09-14T04:39:19Z,-64.04082,50.40482,9449
2017-09-14T04:39:49Z,-63.98011,50.46249,9449
2017-09-14T04:40:19Z,-63.91282,50.52562,9449
2017-09-14T04:40:50Z,-63.84742,50.58673,9449
2017-09-14T04:41:20Z,-63.78337,50.64624,9449
2017-09-14T04:41:50Z,-63.71849,50.70637,9449
2017-09-14T04:42:20Z,-63.65417,50.76577,9449
2017-09-14T04:43:20Z,-63.52371,50.88639,9449
2017-09-14T04:43:50Z,-63.4577,50.94681,9449
2017-09-14T04:44:20Z,-63.39035,51.00831,9449
2017-09-14T04:44:57Z,-63.30924,51.08217,9449
2017-09-14T04:45:37Z,-63.21838,51.16468,9449
2017-09-14T04:46:37Z,-63.08121,51.2887,9449
2017-09-14T04:47:07Z,-63.01335,51.34964,9449
2017-09-14T04:47:37Z,-62.94144,51.41392,9449
2017-09-14T04:48:07Z,-62.87127,51.47653,9449
2017-09-14T04:48:37Z,-62.8009,51.53905,9449
2017-09-14T04:49:07Z,-62.73178,51.60046,9449
2017-09-14T04:49:37Z,-62.66029,51.66358,9449
2017-09-14T04:50:08Z,-62.58919,51.72624,9449
2017-09-14T04:50:38Z,-62.51963,51.78726,9449
2017-09-14T04:51:08Z,-62.44766,51.85012,9449
2017-09-14T04:51:38Z,-62.37755,51.91127,9449
2017-09-14T04:52:08Z,-62.30629,51.97311,9449
2017-09-14T04:52:38Z,-62.23559,52.03437,9449
2017-09-14T04:53:08Z,-62.1648,52.09545,9449
2017-09-14T04:53:38Z,-62.09335,52.15686,9449
2017-09-14T04:54:08Z,-62.02232,52.21779,9449
2017-09-14T04:54:38Z,-61.94963,52.27979,9449
2017-09-14T04:55:09Z,-61.87859,52.34006,9449
2017-09-14T04:55:39Z,-61.80611,52.40149,9449
2017-09-14T04:56:09Z,-61.73538,52.46123,9449
2017-09-14T04:56:39Z,-61.66296,52.52224,9449
2017-09-14T04:57:09Z,-61.59134,52.58226,9449
2017-09-14T04:57:39Z,-61.51825,52.64342,9449
2017-09-14T04:58:40Z,-61.35,52.75,9449
2017-09-14T04:59:31Z,-61.23333,52.85,9449
2017-09-14T05:00:31Z,-61.08333,52.98333,9449
2017-09-14T05:01:32Z,-60.95,53.1,9449
2017-09-14T05:02:31Z,-60.78333,53.23333,9449
2017-09-14T05:03:31Z,-60.63334,53.33333,9449
2017-09-14T05:04:31Z,-60.5,53.45,9449
2017-09-14T05:05:31Z,-60.35,53.58333,9449
2017-09-14T05:06:31Z,-60.18333,53.7,9449
2017-09-14T05:07:32Z,-60.03333,53.8,9449
2017-09-14T05:08:31Z,-59.88334,53.93333,9449
2017-09-14T05:09:31Z,-59.71667,54.05,9449
2017-09-14T05:10:31Z,-59.56667,54.16667,9449
2017-09-14T05:11:31Z,-59.41667,54.28333,9449
2017-09-14T05:12:32Z,-59.25,54.4,9449
2017-09-14T05:13:32Z,-59.1,54.53333,9449
2017-09-14T05:14:31Z,-58.95,54.65,9449
2017-09-14T05:15:13Z,-58.81667,54.71667,9449
2017-09-14T05:16:13Z,-58.66667,54.83333,9479
2017-09-14T05:17:32Z,-58.45,54.98333,9662
2017-09-14T05:18:13Z,-58.36666,55.06667,9784
2017-09-14T05:19:32Z,-58.15,55.21667,9967
2017-09-14T05:20:31Z,-57.96667,55.31667,10058
2017-09-14T05:21:31Z,-57.8,55.45,10058
2017-09-14T05:22:31Z,-57.65,55.56667,10058
2017-09-14T05:23:32Z,-57.48333,55.68333,10058
2017-09-14T05:24:32Z,-57.33333,55.78333,10058
2017-09-14T05:25:32Z,-57.13334,55.9,10058
2017-09-14T05:26:31Z,-56.98333,56.01667,10058
2017-09-14T05:27:31Z,-56.78333,56.1,10058
2017-09-14T05:28:32Z,-56.6,56.2,10058
2017-09-14T05:29:32Z,-56.4,56.3,10058
2017-09-14T05:30:32Z,-56.21667,56.4,10058
2017-09-14T05:31:13Z,-56.05,56.46667,10058
2017-09-14T05:32:13Z,-55.83333,56.55,10058
2017-09-14T05:33:13Z,-55.63334,56.65,10058
2017-09-14T05:34:32Z,-55.36666,56.75,10058
2017-09-14T05:35:32Z,-55.18333,56.85,10058
2017-09-14T05:36:13Z,-55.01667,56.91667,10058
2017-09-14T05:37:13Z,-54.81667,57,10058
2017-09-14T05:38:31Z,-54.55,57.13334,10058
2017-09-14T05:39:32Z,-54.35,57.21667,10058
2017-09-14T05:40:32Z,-54.13334,57.3,10058
2017-09-14T05:41:32Z,-53.9,57.41667,10058
2017-09-14T05:42:32Z,-53.73333,57.48333,10058
2017-09-14T05:50:01Z,-52,58.2,10058
2017-09-14T05:51:02Z,-51.78333,58.28333,10058
2017-09-14T05:52:02Z,-51.53333,58.36666,10058
2017-09-14T05:53:01Z,-51.31667,58.46667,10058
2017-09-14T05:54:01Z,-51.1,58.55,10058
2017-09-14T05:55:01Z,-50.85,58.63334,10058
2017-09-14T05:56:02Z,-50.63334,58.71667,10058
2017-09-14T05:57:02Z,-50.41667,58.81667,10058
2017-09-14T05:58:02Z,-50.15,58.9,10058
2017-09-14T05:59:01Z,-49.93333,58.98333,10058
2017-09-14T06:00:15Z,-49.63334,59.08333,10058
2017-09-14T06:01:15Z,-49.38334,59.18333,10058
2017-09-14T06:02:15Z,-49.15,59.26667,10058
2017-09-14T06:03:15Z,-48.88334,59.35,10058
2017-09-14T06:04:15Z,-48.66667,59.43333,10058
2017-09-14T06:05:15Z,-48.4,59.53333,10058
2017-09-14T06:06:15Z,-48.13334,59.6,10058
2017-09-14T06:07:15Z,-47.9,59.7,10058
2017-09-14T06:08:15Z,-47.63334,59.76667,10058
2017-09-14T06:09:15Z,-47.4,59.85,10058
2017-09-14T06:10:15Z,-47.13334,59.93333,10058
2017-09-14T06:11:15Z,-46.88334,60.03333,10058
2017-09-14T06:12:15Z,-46.61666,60.1,10058
2017-09-14T06:13:15Z,-46.36666,60.2,10058
2017-09-14T06:14:15Z,-46.1,60.26667,10058
2017-09-14T06:15:15Z,-45.85,60.36666,10058
2017-09-14T06:16:15Z,-45.58333,60.43333,10058
2017-09-14T06:17:15Z,-45.33333,60.51667,10058
2017-09-14T06:18:15Z,-45.05,60.6,10058
2017-09-14T06:19:15Z,-44.8,60.68333,10058
2017-09-14T06:20:15Z,-44.53333,60.75,10058
2017-09-14T06:21:15Z,-44.26667,60.83333,10058
2017-09-14T06:22:15Z,-44,60.9,10058
2017-09-14T06:23:15Z,-43.75,60.98333,10058
2017-09-14T06:24:15Z,-43.45,61.05,10058
2017-09-14T06:25:15Z,-43.2,61.15,10058
2017-09-14T06:26:15Z,-42.91667,61.2,10058
2017-09-14T06:27:15Z,-42.61666,61.28333,10058
2017-09-14T06:28:15Z,-42.36666,61.35,10058
2017-09-14T06:29:15Z,-42.06667,61.41667,10058
2017-09-14T06:30:15Z,-41.8,61.5,10058
2017-09-14T06:31:15Z,-41.5,61.58333,10058
2017-09-14T06:32:15Z,-41.25,61.65,10058
2017-09-14T06:33:15Z,-40.95,61.71667,10058
2017-09-14T06:34:15Z,-40.68333,61.78333,10058
2017-09-14T06:35:15Z,-40.38334,61.86666,10058
2017-09-14T06:36:15Z,-40.08333,61.91667,10058
2017-09-14T06:37:15Z,-39.81667,61.98333,10058
2017-09-14T06:38:15Z,-39.48333,62.03333,10058
2017-09-14T06:39:15Z,-39.2,62.08333,10058
2017-09-14T06:40:15Z,-38.88334,62.11666,10058
2017-09-14T06:41:15Z,-38.55,62.15,10058
2017-09-14T06:42:15Z,-38.25,62.2,10058
2017-09-14T06:43:15Z,-37.93333,62.23333,10058
2017-09-14T06:44:15Z,-37.63334,62.28333,10058
2017-09-14T06:45:15Z,-37.31667,62.3,10058
2017-09-14T06:46:15Z,-37.01667,62.35,10058
2017-09-14T06:47:15Z,-36.7,62.36666,10058
2017-09-14T07:10:09Z,-29.59249,62.99725,10058
2017-09-14T07:10:39Z,-29.428,63.00243,10058
2017-09-14T07:11:09Z,-29.26799,63.00732,10058
2017-09-14T07:11:39Z,-29.10146,63.01231,10058
2017-09-14T07:12:09Z,-28.9382,63.01697,10058
2017-09-14T07:12:39Z,-28.77583,63.0214,10058
2017-09-14T07:13:10Z,-28.61247,63.02563,10058
2017-09-14T07:13:40Z,-28.4492,63.02968,10058
2017-09-14T07:14:10Z,-28.28768,63.03359,10058
2017-09-14T07:14:40Z,-28.12571,63.03726,10058
2017-09-14T07:15:10Z,-27.96623,63.04071,10058
2017-09-14T07:15:40Z,-27.80467,63.04399,10058
2017-09-14T07:16:10Z,-27.64394,63.04706,10058
2017-09-14T07:16:40Z,-27.48322,63.04999,10058
2017-09-14T07:17:10Z,-27.32574,63.05268,10058
2017-09-14T07:17:40Z,-27.15983,63.0553,10058
2017-09-14T07:18:11Z,-26.99827,63.05766,10058
2017-09-14T07:18:41Z,-26.84102,63.05978,10058
2017-09-14T07:19:11Z,-26.67837,63.0618,10058
2017-09-14T07:19:41Z,-26.51466,63.06366,10058
2017-09-14T07:20:11Z,-26.35831,63.06525,10058
2017-09-14T07:20:41Z,-26.19486,63.06674,10058
2017-09-14T07:21:11Z,-26.03271,63.06798,10058
2017-09-14T07:21:41Z,-25.8725,63.06903,10058
2017-09-14T07:22:11Z,-25.7154,63.07,10058
2017-09-14T07:22:42Z,-25.55206,63.07068,10058
2017-09-14T07:23:12Z,-25.39331,63.07121,10058
2017-09-14T07:23:42Z,-25.23041,63.07155,10058
2017-09-14T07:24:12Z,-25.0709,63.07173,10058
2017-09-14T07:24:42Z,-24.9114,63.07173,10058
2017-09-14T07:25:12Z,-24.75082,63.07149,10058
2017-09-14T07:25:42Z,-24.59249,63.07118,10058
2017-09-14T07:26:12Z,-24.43095,63.07063,10058
2017-09-14T07:26:42Z,-24.27017,63.0699,10058
2017-09-14T07:27:12Z,-24.11478,63.06897,10058
2017-09-14T07:27:43Z,-23.95104,63.06785,10058
2017-09-14T07:28:13Z,-23.78984,63.06655,10058
2017-09-14T07:28:43Z,-23.62986,63.06509,10058
2017-09-14T07:29:13Z,-23.47127,63.06354,10058
2017-09-14T07:29:43Z,-23.31183,63.06171,10058
2017-09-14T07:30:13Z,-23.15887,63.05978,10058
2017-09-14T07:30:43Z,-22.99967,63.05761,10058
2017-09-14T07:31:13Z,-22.83751,63.05524,10058
2017-09-14T07:31:43Z,-22.67747,63.05273,10058
2017-09-14T07:32:13Z,-22.52096,63.05003,10058
2017-09-14T07:32:43Z,-22.36989,63.04733,10058
2017-09-14T07:33:14Z,-22.20428,63.04417,10058
2017-09-14T07:33:44Z,-22.04597,63.04099,10058
2017-09-14T07:34:14Z,-21.88721,63.03754,10058
2017-09-14T07:34:49Z,-21.7055,63.03341,10058
2017-09-14T07:35:19Z,-21.54744,63.02962,10058
2017-09-14T07:35:49Z,-21.38943,63.02572,10058
2017-09-14T07:36:19Z,-21.23287,63.02163,10058
2017-09-14T07:36:49Z,-21.07524,63.01735,10058
2017-09-14T07:37:49Z,-20.76324,63.00829,10058
2017-09-14T07:38:20Z,-20.60547,63.00352,10058
2017-09-14T07:38:50Z,-20.44973,62.99854,10058
2017-09-14T07:39:20Z,-20.29344,62.99342,10058
2017-09-14T07:39:50Z,-20.13947,62.98824,10058
2017-09-14T07:40:38Z,-19.89207,62.97656,10058
2017-09-14T07:41:08Z,-19.73663,62.96681,10058
2017-09-14T07:41:38Z,-19.57774,62.95655,10058
2017-09-14T07:42:08Z,-19.42224,62.94626,10058
2017-09-14T07:42:38Z,-19.26696,62.93593,10058
2017-09-14T07:43:08Z,-19.11177,62.9254,10058
2017-09-14T07:44:09Z,-18.80183,62.90385,10058
2017-09-14T07:44:39Z,-18.64665,62.89284,10058
2017-09-14T07:45:09Z,-18.49264,62.88176,10058
2017-09-14T07:45:39Z,-18.33659,62.87032,10058
2017-09-14T07:46:09Z,-18.18575,62.85897,10058
2017-09-14T08:22:09Z,-7.64618,61.81863,10058
2017-09-14T08:22:40Z,-7.49898,61.80694,10058
2017-09-14T08:23:10Z,-7.35456,61.79526,10058
2017-09-14T08:23:40Z,-7.20856,61.78334,10058
2017-09-14T08:24:40Z,-6.91864,61.75922,10058
2017-09-14T08:25:10Z,-6.77541,61.74703,10058
2017-09-14T08:25:40Z,-6.63123,61.7346,10058
2017-09-14T08:26:10Z,-6.48802,61.72211,10058
2017-09-14T08:27:10Z,-6.20159,61.69661,10058
2017-09-14T08:27:40Z,-6.05947,61.68376,10058
2017-09-14T08:28:10Z,-5.91535,61.67052,10058
2017-09-14T08:28:40Z,-5.77138,61.65714,10058
2017-09-14T08:31:49Z,-4.87956,61.57059,10058
2017-09-14T08:41:53Z,-2.07867,61.25729,10058
2017-09-14T08:42:23Z,-1.94213,61.2404,10058
2017-09-14T08:42:53Z,-1.80461,61.22327,10058
2017-09-14T08:43:24Z,-1.66453,61.20553,10058
2017-09-14T08:43:54Z,-1.52842,61.18821,10058
2017-09-14T08:44:24Z,-1.39163,61.17059,10058
2017-09-14T08:44:54Z,-1.25488,61.15288,10058
2017-09-14T08:45:24Z,-1.11649,61.13475,10058
2017-09-14T08:46:25Z,-0.84239,61.09842,10058
2017-09-14T08:47:25Z,-0.57159,61.06187,10058
2017-09-14T08:47:56Z,-0.43377,61.04301,10058
2017-09-14T08:48:26Z,-0.29987,61.02454,10058
2017-09-14T08:49:26Z,-0.02913,60.98678,10058
2017-09-14T08:50:13Z,0.17966,60.95499,10058
2017-09-14T08:50:43Z,0.31216,60.93365,10058
2017-09-14T08:51:13Z,0.44544,60.9123,10058
2017-09-14T08:51:43Z,0.57256,60.89196,10058
2017-09-14T08:52:13Z,0.70691,60.87689,10058
2017-09-14T08:53:35Z,1.07685,60.82764,10058
2017-09-14T08:54:05Z,1.20958,60.80565,10058
2017-09-14T08:54:35Z,1.33863,60.7841,10058
2017-09-14T08:55:05Z,1.47217,60.76163,10058
2017-09-14T08:55:35Z,1.60646,60.73899,10058
2017-09-14T08:56:05Z,1.73527,60.71709,10058
2017-09-14T08:56:35Z,1.86474,60.69489,10058
2017-09-14T08:57:05Z,1.99913,60.67163,10058
2017-09-14T08:57:35Z,2.12974,60.64888,10058
2017-09-14T08:58:05Z,2.25926,60.6261,10058
2017-09-14T08:58:35Z,2.39119,60.60277,10058
2017-09-14T08:59:35Z,2.65424,60.55595,10058
2017-09-14T09:00:06Z,2.78238,60.53284,10058
2017-09-14T09:00:36Z,2.91393,60.50899,10058
2017-09-14T09:01:06Z,3.03929,60.48611,10058
2017-09-14T09:01:36Z,3.17164,60.46175,10058
2017-09-14T09:02:06Z,3.30272,60.43744,10058
2017-09-14T09:02:36Z,3.43162,60.41345,10058
2017-09-14T09:03:06Z,3.56085,60.38924,10058
2017-09-14T09:03:36Z,3.6879,60.3652,10058
2017-09-14T09:04:06Z,3.81618,60.34078,10058
2017-09-14T09:04:36Z,3.94331,60.31643,10058
2017-09-14T09:05:36Z,4.19315,60.26806,10058
2017-09-14T09:06:06Z,4.32359,60.24266,10058
2017-09-14T09:06:36Z,4.45044,60.21779,10058
2017-09-14T09:07:06Z,4.57267,60.19363,10058
2017-09-14T09:08:06Z,4.82537,60.14319,10058
2017-09-14T09:08:36Z,4.94395,60.11933,10058
2017-09-14T09:09:37Z,5.20089,60.06711,10058
2017-09-14T09:10:37Z,5.44951,60.01594,10058
2017-09-14T09:11:37Z,5.69808,59.96412,10058
2017-09-14T09:12:07Z,5.81234,59.94006,10058
2017-09-14T09:12:37Z,5.94708,59.91165,10058
2017-09-14T09:13:07Z,6.07127,59.88522,10058
2017-09-14T09:13:37Z,6.19421,59.85887,10058
2017-09-14T09:14:11Z,6.32178,59.83145,10058
2017-09-14T09:14:49Z,6.48174,59.79677,10058
2017-09-14T09:15:19Z,6.60449,59.76995,10058
2017-09-14T09:15:49Z,6.72803,59.74283,10058
2017-09-14T09:16:19Z,6.85301,59.71521,10058
2017-09-14T09:16:49Z,6.97708,59.68765,10058
2017-09-14T09:17:19Z,7.09925,59.66032,10058
2017-09-14T09:17:51Z,7.22768,59.63141,10058
2017-09-14T09:18:21Z,7.3491,59.604,10058
2017-09-14T09:18:51Z,7.46862,59.57676,10058
2017-09-14T09:19:21Z,7.59366,59.5481,10058
2017-09-14T09:19:51Z,7.7142,59.52039,10058
2017-09-14T09:20:51Z,7.95685,59.46401,10058
2017-09-14T09:21:52Z,8.198,59.40752,10058
2017-09-14T09:22:52Z,8.43684,59.35084,10058
2017-09-14T09:23:22Z,8.55908,59.32155,10058
2017-09-14T09:23:52Z,8.67806,59.29284,10058
2017-09-14T09:24:22Z,8.80005,59.26332,10058
2017-09-14T09:24:52Z,8.92042,59.23404,10058
2017-09-14T09:25:22Z,9.03745,59.20541,10058
2017-09-14T09:25:52Z,9.15829,59.17566,10058
2017-09-14T09:26:22Z,9.27722,59.14622,10058
2017-09-14T09:26:53Z,9.39532,59.11684,10058
2017-09-14T09:27:23Z,9.51425,59.08704,10058
2017-09-14T09:27:53Z,9.63144,59.05765,10058
2017-09-14T09:28:23Z,9.74904,59.02796,10058
2017-09-14T09:28:53Z,9.86572,58.9983,10058
2017-09-14T09:29:23Z,9.98241,58.96851,10058
2017-09-14T09:29:53Z,10.09964,58.9384,10058
2017-09-14T09:30:26Z,10.22751,58.90543,10058
2017-09-14T09:30:56Z,10.34363,58.87531,10058
2017-09-14T09:31:26Z,10.45944,58.84501,10058
2017-09-14T09:31:56Z,10.5778,58.81421,10058
2017-09-14T09:32:54Z,10.80423,58.76145,10058
2017-09-14T09:33:54Z,11.03337,58.7086,10058
2017-09-14T09:34:55Z,11.28703,58.64941,10058
2017-09-14T09:36:00Z,11.5453,58.58839,10058
2017-09-14T09:37:05Z,11.80543,58.52628,10058
2017-09-14T09:38:06Z,12.0489,58.4675,10058
2017-09-14T09:39:06Z,12.29069,58.40854,10058
2017-09-14T09:40:06Z,12.52798,58.34997,10058
2017-09-14T09:40:36Z,12.64783,58.32014,10058
2017-09-14T09:41:07Z,12.76833,58.28998,10058
2017-09-14T09:41:37Z,12.88714,58.26004,10058
2017-09-14T09:42:07Z,13.00728,58.2296,10058
2017-09-14T09:42:38Z,13.12441,58.19989,10058
2017-09-14T09:43:08Z,13.24925,58.16798,10058
2017-09-14T09:43:38Z,13.35764,58.14016,10058
2017-09-14T09:44:08Z,13.48068,58.10832,10058
2017-09-14T09:44:38Z,13.60125,58.07693,10058
2017-09-14T09:45:09Z,13.72476,58.04468,10058
2017-09-14T09:45:40Z,13.8449,58.01317,10058
2017-09-14T09:46:10Z,13.95703,57.98361,10058
2017-09-14T09:46:44Z,14.09473,57.94692,10058
2017-09-14T09:47:17Z,14.20984,57.91621,10058
2017-09-14T09:47:47Z,14.33743,57.88194,10058
2017-09-14T09:48:17Z,14.45663,57.84981,10058
2017-09-14T09:48:47Z,14.5806,57.8162,10058
2017-09-14T09:49:34Z,14.76077,57.76695,10058
2017-09-14T09:50:04Z,14.88045,57.73402,10058
2017-09-14T09:50:34Z,14.99687,57.70192,10058
2017-09-14T09:51:04Z,15.1062,57.67161,10058
2017-09-14T09:51:34Z,15.23151,57.63652,10058
2017-09-14T09:52:04Z,15.34833,57.60379,10058
2017-09-14T09:52:37Z,15.47353,57.56845,10058
2017-09-14T09:53:07Z,15.59465,57.53405,10058
2017-09-14T09:53:38Z,15.71174,57.50061,10058
2017-09-14T09:54:08Z,15.83113,57.46646,10058
2017-09-14T09:55:08Z,16.06261,57.39963,10058
2017-09-14T09:56:09Z,16.29777,57.33099,10058
2017-09-14T09:56:39Z,16.40737,57.29873,10058
2017-09-14T09:57:09Z,16.52541,57.2639,10058
2017-09-14T09:57:40Z,16.64632,57.22802,10058
2017-09-14T09:58:41Z,16.87517,57.15967,10058
2017-09-14T09:59:45Z,17.13078,57.08231,10058
2017-09-14T10:00:16Z,17.24596,57.04724,10058
2017-09-14T10:00:46Z,17.3626,57.01154,10058
2017-09-14T10:01:16Z,17.47845,56.97589,10058
2017-09-14T10:01:46Z,17.59487,56.93981,10058
2017-09-14T10:02:17Z,17.71014,56.90411,10058
2017-09-14T10:02:47Z,17.82935,56.86679,10058
2017-09-14T10:03:20Z,17.95388,56.82776,10058
2017-09-14T10:03:50Z,18.03998,56.80064,10058
2017-09-14T10:04:20Z,18.18606,56.75441,10058
2017-09-14T10:04:51Z,18.30734,56.71577,10058
2017-09-14T10:05:21Z,18.42562,56.67787,10058
2017-09-14T10:06:21Z,18.65796,56.60284,10058
2017-09-14T10:06:51Z,18.77924,56.56358,10058
2017-09-14T10:07:24Z,18.90764,56.5255,10058
2017-09-14T10:07:55Z,19.03947,56.49284,10089
2017-09-14T10:08:25Z,19.16432,56.46295,10150
2017-09-14T10:09:33Z,19.44913,56.39392,10394
2017-09-14T10:10:03Z,19.57472,56.36317,10516
2017-09-14T10:10:33Z,19.7002,56.33226,10607
2017-09-14T10:11:03Z,19.82363,56.30167,10668
2017-09-14T10:11:33Z,19.94801,56.27065,10668
2017-09-14T10:12:03Z,20.07065,56.23985,10668
2017-09-14T10:12:34Z,20.19424,56.20875,10668
2017-09-14T10:13:04Z,20.31123,56.17915,10668
2017-09-14T10:13:34Z,20.44315,56.14558,10668
2017-09-14T10:14:34Z,20.69378,56.08129,10668
2017-09-14T10:15:05Z,20.80244,56.05332,10668
2017-09-14T10:15:36Z,20.94887,56.01715,10668
2017-09-14T10:16:09Z,21.07835,55.98514,10668
2017-09-14T10:16:39Z,21.21177,55.9519,10668
2017-09-14T10:17:09Z,21.3382,55.92009,10668
2017-09-14T10:17:39Z,21.46325,55.88838,10668
2017-09-14T10:18:10Z,21.5871,55.85668,10668
2017-09-14T10:19:10Z,21.83866,55.79182,10668
2017-09-14T10:20:11Z,22.08968,55.72641,10668
2017-09-14T10:21:12Z,22.33987,55.66058,10668
2017-09-14T10:22:12Z,22.58746,55.59473,10668
2017-09-14T10:23:13Z,22.83646,55.52774,10668
2017-09-14T10:24:13Z,23.08519,55.45995,10668
2017-09-14T10:25:14Z,23.33171,55.39214,10668
2017-09-14T10:25:44Z,23.45226,55.35873,10668
2017-09-14T10:26:14Z,23.5748,55.32454,10668
2017-09-14T10:26:44Z,23.69643,55.29047,10668
2017-09-14T10:27:14Z,23.81658,55.25665,10668
2017-09-14T10:27:45Z,23.93987,55.22175,10668
2017-09-14T10:28:15Z,24.0599,55.18762,10668
2017-09-14T10:28:45Z,24.18282,55.15244,10668
2017-09-14T10:29:15Z,24.29917,55.119,10668
2017-09-14T10:30:15Z,24.52019,55.05496,10668
2017-09-14T10:30:45Z,24.66289,55.01334,10668
2017-09-14T10:31:45Z,24.89849,54.94395,10668
2017-09-14T10:32:47Z,25.1469,54.87012,10668
2017-09-14T10:33:47Z,25.38058,54.7999,10668
2017-09-14T10:34:17Z,25.49702,54.76466,10668
2017-09-14T10:35:01Z,25.65324,54.71732,10668
2017-09-14T10:35:31Z,25.79097,54.68051,10668
2017-09-14T10:36:14Z,25.98008,54.64325,10668
2017-09-14T10:36:45Z,26.11636,54.6178,10668
2017-09-14T10:37:15Z,26.24795,54.59312,10668
2017-09-14T10:37:46Z,26.38342,54.56756,10668
2017-09-14T10:38:16Z,26.51195,54.54309,10668
2017-09-14T10:38:46Z,26.63853,54.51883,10668
2017-09-14T10:39:46Z,26.90746,54.46664,10668
2017-09-14T10:40:17Z,27.00553,54.44737,10668
2017-09-14T10:40:52Z,27.19738,54.40947,10668
2017-09-14T10:41:31Z,27.36565,54.37587,10668
2017-09-14T10:42:07Z,27.51975,54.34494,10668
2017-09-14T10:42:37Z,27.65178,54.31815,10668
2017-09-14T10:43:08Z,27.78367,54.29122,10668
2017-09-14T10:43:38Z,27.91187,54.26495,10668
2017-09-14T10:44:08Z,28.04143,54.23822,10668
2017-09-14T10:45:08Z,28.29843,54.18457,10668
2017-09-14T10:46:08Z,28.55508,54.13038,10668
2017-09-14T10:46:38Z,28.68425,54.10287,10668
2017-09-14T10:47:08Z,28.8118,54.07549,10668
2017-09-14T10:47:39Z,28.93987,54.04779,10668
2017-09-14T10:48:09Z,29.06522,54.02057,10668
2017-09-14T10:48:39Z,29.19237,53.99278,10668
2017-09-14T10:49:39Z,29.44116,53.93779,10668
2017-09-14T10:50:39Z,29.69136,53.88193,10668
2017-09-14T10:51:09Z,29.81666,53.85365,10668
2017-09-14T10:51:39Z,29.94096,53.8255,10668
2017-09-14T10:52:09Z,30.06479,53.7973,10668
2017-09-14T10:53:10Z,30.3112,53.74059,10668
2017-09-14T10:53:40Z,30.43739,53.71129,10668
2017-09-14T10:54:10Z,30.5591,53.68286,10668
2017-09-14T10:54:42Z,30.68821,53.65262,10668
2017-09-14T10:55:42Z,30.92879,53.5957,10668
2017-09-14T10:56:42Z,31.1834,53.53465,10668
2017-09-14T10:57:12Z,31.30692,53.50481,10668
2017-09-14T10:58:13Z,31.55321,53.44478,10668
2017-09-14T10:59:16Z,31.79807,53.38434,10668
2017-09-14T11:00:17Z,32.0534,53.32077,10668
2017-09-14T11:01:28Z,32.33721,53.24915,10668
2017-09-14T11:02:33Z,32.60664,53.19434,10668
2017-09-14T11:03:03Z,32.73425,53.1742,10668
2017-09-14T11:03:34Z,32.86019,53.15419,10668
2017-09-14T11:04:04Z,32.98684,53.13391,10668
2017-09-14T11:05:04Z,33.24112,53.09267,10668
2017-09-14T11:05:34Z,33.36987,53.07169,10668
2017-09-14T11:06:04Z,33.4959,53.05098,10668
2017-09-14T11:06:38Z,33.6377,53.02744,10668
2017-09-14T11:07:08Z,33.7624,53.00661,10668
2017-09-14T11:07:38Z,33.88847,52.98546,10668
2017-09-14T11:08:45Z,34.1597,52.93968,10668
2017-09-14T11:09:15Z,34.28794,52.91746,10668
2017-09-14T11:09:50Z,34.43327,52.89209,10668
2017-09-14T11:10:37Z,34.62914,52.85737,10668
2017-09-14T11:11:38Z,34.87816,52.81288,10668
2017-09-14T11:12:48Z,35.15625,52.76271,10668
2017-09-14T11:13:51Z,35.42313,52.71382,10668
2017-09-14T11:14:57Z,35.68869,52.66455,10668
2017-09-14T11:16:02Z,35.95456,52.61469,10668
2017-09-14T11:17:02Z,36.19854,52.56828,10668
2017-09-14T11:17:33Z,36.31939,52.54491,10668
2017-09-14T11:18:03Z,36.44141,52.52103,10668
2017-09-14T11:18:33Z,36.56273,52.49734,10668
2017-09-14T11:19:33Z,36.79965,52.4511,10668
2017-09-14T11:20:34Z,37.04559,52.4025,10668
2017-09-14T11:21:34Z,37.28925,52.35386,10668
2017-09-14T11:22:04Z,37.40974,52.32967,10668
2017-09-14T11:22:35Z,37.52851,52.30563,10668
2017-09-14T11:23:05Z,37.64309,52.28226,10668
2017-09-14T11:23:35Z,37.77115,52.25601,10668
2017-09-14T11:24:05Z,37.87537,52.2345,10668
2017-09-14T11:24:38Z,38.02133,52.20419,10668
2017-09-14T11:25:08Z,38.13782,52.17989,10668
2017-09-14T11:25:34Z,38.2412,52.15613,10668
2017-09-14T11:26:40Z,38.48526,52.07845,10668
2017-09-14T11:27:10Z,38.59688,52.04004,10668
2017-09-14T11:27:40Z,38.70621,52.00227,10668
2017-09-14T11:28:10Z,38.81317,51.96515,10668
2017-09-14T11:28:41Z,38.92426,51.92651,10668
2017-09-14T11:29:11Z,39.03343,51.88838,10668
2017-09-14T11:29:41Z,39.14131,51.85021,10668
2017-09-14T11:30:01Z,39.2099,51.82004,10668
2017-09-14T11:31:04Z,39.38086,51.70605,10668
2017-09-14T11:31:34Z,39.45896,51.64796,10668
2017-09-14T11:32:04Z,39.53898,51.58813,10668
2017-09-14T11:32:34Z,39.6183,51.52872,10668
2017-09-14T11:33:04Z,39.6942,51.47186,10668
2017-09-14T11:33:34Z,39.77132,51.41382,10668
2017-09-14T11:34:04Z,39.84962,51.35485,10668
2017-09-14T11:34:34Z,39.92639,51.297,10668
2017-09-14T11:35:05Z,40.00233,51.23982,10668
2017-09-14T11:35:35Z,40.07744,51.18302,10668
2017-09-14T11:36:05Z,40.15354,51.12529,10668
2017-09-14T11:36:35Z,40.23033,51.06683,10668
2017-09-14T11:37:05Z,40.30441,51.01003,10668
2017-09-14T11:37:35Z,40.37995,50.95207,10668
2017-09-14T11:38:35Z,40.52916,50.83704,10668
2017-09-14T11:39:06Z,40.61148,50.78142,10668
2017-09-14T11:39:36Z,40.70019,50.73596,10668
2017-09-14T11:40:36Z,40.89148,50.64674,10668
2017-09-14T11:41:36Z,41.07795,50.55894,10668
2017-09-14T11:42:06Z,41.17249,50.51418,10668
2017-09-14T11:43:05Z,41.35478,50.42725,10668
2017-09-14T11:43:35Z,41.44837,50.38237,10668
2017-09-14T11:44:05Z,41.54147,50.33766,10668
2017-09-14T11:44:35Z,41.63515,50.29257,10668
2017-09-14T11:45:06Z,41.72694,50.24817,10668
2017-09-14T11:45:52Z,41.86311,50.18202,10668
2017-09-14T11:46:43Z,42.02857,50.10059,10668
2017-09-14T11:47:13Z,42.11869,50.056,10668
2017-09-14T11:47:43Z,42.21237,50.00939,10668
2017-09-14T11:48:13Z,42.30481,49.96335,10668
2017-09-14T11:48:43Z,42.39683,49.91736,10668
2017-09-14T11:49:13Z,42.48731,49.87193,10668
2017-09-14T11:49:43Z,42.57925,49.82561,10668
2017-09-14T11:50:13Z,42.66974,49.77988,10668
2017-09-14T11:50:44Z,42.76002,49.73415,10668
2017-09-14T11:51:14Z,42.85173,49.68748,10668
2017-09-14T11:51:44Z,42.94093,49.642,10668
2017-09-14T11:52:14Z,43.03115,49.59573,10668
2017-09-14T11:53:14Z,43.2101,49.50362,10668
2017-09-14T11:54:15Z,43.38906,49.41082,10668
2017-09-14T11:55:15Z,43.56614,49.31846,10668
2017-09-14T11:56:35Z,43.78164,49.1862,10668
2017-09-14T11:57:06Z,43.83834,49.14578,10668
2017-09-14T11:57:40Z,43.94503,49.0692,10668
2017-09-14T11:58:45Z,44.11047,48.95,10668
2017-09-14T11:59:18Z,44.1925,48.89072,10668
2017-09-14T11:59:48Z,44.26825,48.83576,10668
2017-09-14T12:01:10Z,44.4466,48.68124,10668
2017-09-14T12:01:40Z,44.51002,48.61962,10668
2017-09-14T12:02:10Z,44.57167,48.55957,10668
2017-09-14T12:02:40Z,44.63358,48.4991,10668
2017-09-14T12:03:41Z,44.7583,48.37701,10668
2017-09-14T12:04:11Z,44.81922,48.31705,10668
2017-09-14T12:04:42Z,44.88038,48.2567,10668
2017-09-14T12:05:12Z,44.94042,48.19725,10668
2017-09-14T12:05:42Z,45.00113,48.13706,10668
2017-09-14T12:06:12Z,45.06183,48.07654,10668
2017-09-14T12:06:42Z,45.12112,48.01726,10729
2017-09-14T12:07:12Z,45.16789,47.97008,10790
2017-09-14T12:07:47Z,45.24905,47.88753,10942
2017-09-14T12:08:48Z,45.36722,47.767,11156
2017-09-14T12:09:18Z,45.4284,47.70455,11278
2017-09-14T12:09:55Z,45.49868,47.6323,11278
2017-09-14T12:10:26Z,45.55558,47.57364,11278
2017-09-14T12:10:56Z,45.61319,47.51415,11278
2017-09-14T12:11:28Z,45.67284,47.45242,11278
2017-09-14T12:11:58Z,45.73087,47.39213,11278
2017-09-14T12:12:28Z,45.76987,47.35153,11278
2017-09-14T12:12:59Z,45.84665,47.27142,11278
2017-09-14T12:13:29Z,45.9028,47.21255,11278
2017-09-14T12:13:59Z,45.95884,47.15369,11278
2017-09-14T12:14:29Z,46.01644,47.09312,11278
2017-09-14T12:15:01Z,46.07624,47.03,11278
2017-09-14T12:15:31Z,46.13187,46.97107,11278
2017-09-14T12:17:02Z,46.29906,46.79347,11278
2017-09-14T12:18:02Z,46.40819,46.67674,11278
2017-09-14T12:18:32Z,46.46709,46.61369,11278
2017-09-14T12:19:02Z,46.52264,46.55401,11278
2017-09-14T12:19:33Z,46.57774,46.49469,11278
2017-09-14T12:21:02Z,46.74133,46.3171,11278
2017-09-14T12:21:32Z,46.79846,46.25482,11278
2017-09-14T12:24:37Z,47.09736,45.877,11278
2017-09-14T12:25:56Z,47.21301,45.71004,11278
2017-09-14T12:27:26Z,47.34519,45.52116,11278
2017-09-14T12:27:56Z,47.38789,45.46001,11278
2017-09-14T12:28:26Z,47.43193,45.39667,11278
2017-09-14T12:29:28Z,47.5221,45.26446,11278
2017-09-14T12:29:58Z,47.5645,45.20143,11278
2017-09-14T12:30:28Z,47.60696,45.13811,11278
2017-09-14T12:30:58Z,47.65105,45.0723,11278
2017-09-14T12:31:59Z,47.73673,44.94381,11278
2017-09-14T12:32:29Z,47.77874,44.88069,11278
2017-09-14T12:33:06Z,47.83231,44.79987,11278
2017-09-14T12:34:06Z,47.91713,44.67169,11278
2017-09-14T12:34:36Z,47.95983,44.60674,11278
2017-09-14T12:35:37Z,48.04393,44.47842,11278
2017-09-14T12:36:07Z,48.08629,44.41377,11278
2017-09-14T12:37:07Z,48.17016,44.28542,11278
2017-09-14T12:38:07Z,48.25406,44.15648,11278
2017-09-14T12:38:37Z,48.29609,44.09172,11278
2017-09-14T12:39:07Z,48.33775,44.02715,11278
2017-09-14T12:39:37Z,48.37983,43.96202,11278
2017-09-14T12:40:07Z,48.42126,43.89769,11278
2017-09-14T12:40:37Z,48.46325,43.83243,11278
2017-09-14T12:41:07Z,48.50549,43.76725,11278
2017-09-14T12:41:38Z,48.54763,43.7021,11278
2017-09-14T12:42:08Z,48.58934,43.63733,11278
2017-09-14T12:42:38Z,48.63085,43.57269,11278
2017-09-14T12:43:08Z,48.67218,43.50815,11278
2017-09-14T12:43:38Z,48.71384,43.44292,11278
2017-09-14T12:44:08Z,48.75562,43.37751,11278
2017-09-14T12:44:38Z,48.79635,43.31351,11278
2017-09-14T12:45:08Z,48.8373,43.24857,11278
2017-09-14T12:45:45Z,48.88079,43.16844,11278
2017-09-14T12:46:22Z,48.91695,43.08632,11278
2017-09-14T12:46:52Z,48.9462,43.01898,11278
2017-09-14T12:47:22Z,48.97574,42.95086,11278
2017-09-14T12:47:52Z,49.00511,42.88313,11278
2017-09-14T12:48:22Z,49.03453,42.81521,11278
2017-09-14T12:48:52Z,49.06407,42.7468,11278
2017-09-14T12:49:22Z,49.09341,42.67877,11278
2017-09-14T12:49:52Z,49.12288,42.61015,11278
2017-09-14T12:50:22Z,49.15207,42.54186,11278
2017-09-14T12:50:52Z,49.18148,42.47305,11278
2017-09-14T12:51:22Z,49.21045,42.4049,11278
2017-09-14T12:51:53Z,49.23991,42.33549,11278
2017-09-14T12:52:23Z,49.26925,42.26637,11278
2017-09-14T12:52:53Z,49.29927,42.19638,11278
2017-09-14T12:53:23Z,49.33027,42.12801,11278
2017-09-14T12:53:53Z,49.36176,42.05864,11278
2017-09-14T12:54:23Z,49.39291,41.9897,11278
2017-09-14T12:54:53Z,49.42418,41.9198,11278
2017-09-14T12:55:23Z,49.45446,41.85173,11278
2017-09-14T12:55:53Z,49.48479,41.78315,11278
2017-09-14T12:56:23Z,49.51621,41.71229,11278
2017-09-14T12:56:53Z,49.54674,41.64321,11278
2017-09-14T12:57:24Z,49.57715,41.57408,11278
2017-09-14T12:57:54Z,49.60614,41.50822,11278
2017-09-14T12:58:24Z,49.62356,41.46854,11278
2017-09-14T12:58:54Z,49.66693,41.36961,11278
2017-09-14T12:59:24Z,49.69872,41.297,11278
2017-09-14T12:59:54Z,49.72955,41.2262,11278
2017-09-14T13:00:24Z,49.75934,41.15771,11278
2017-09-14T13:00:54Z,49.78955,41.08823,11278
2017-09-14T13:01:24Z,49.81994,41.01727,11278
2017-09-14T13:01:54Z,49.84979,40.94728,11278
2017-09-14T13:02:24Z,49.87817,40.88058,11278
2017-09-14T13:02:54Z,49.90814,40.81013,11278
2017-09-14T13:03:25Z,49.93867,40.73828,11278
2017-09-14T13:04:06Z,49.97894,40.64323,11278
2017-09-14T13:04:36Z,50.00867,40.57283,11278
2017-09-14T13:05:06Z,50.03811,40.50287,11278
2017-09-14T13:05:55Z,50.08417,40.39105,11278
2017-09-14T13:06:25Z,50.11053,40.32504,11278
2017-09-14T13:09:55Z,50.30741,39.83313,11278
2017-09-14T13:10:25Z,50.33565,39.76236,11278
2017-09-14T13:10:55Z,50.3634,39.69295,11278
2017-09-14T13:44:47Z,52.11169,34.87189,11278
2017-09-14T13:45:22Z,52.14077,34.78788,11278
2017-09-14T13:45:52Z,52.18596,34.72453,11278
2017-09-14T13:46:32Z,52.26608,34.6506,11278
2017-09-14T13:47:02Z,52.32614,34.59622,11278
2017-09-14T13:47:32Z,52.38716,34.54106,11278
2017-09-14T13:48:03Z,52.44795,34.4859,11278
2017-09-14T13:48:33Z,52.50778,34.43134,11278
2017-09-14T13:49:03Z,52.56823,34.37595,11278
2017-09-14T13:49:33Z,52.62916,34.32014,11278
2017-09-14T13:50:03Z,52.68914,34.26503,11278
2017-09-14T13:50:33Z,52.74942,34.20952,11278
2017-09-14T13:51:03Z,52.80842,34.15505,11278
2017-09-14T13:51:33Z,52.86901,34.09914,11278
2017-09-14T13:52:03Z,52.92875,34.04388,11278
2017-09-14T13:52:33Z,52.98838,33.98867,11278
2017-09-14T13:53:03Z,53.04789,33.93342,11278
2017-09-14T13:53:33Z,53.1078,33.87781,11278
2017-09-14T13:54:03Z,53.16759,33.82206,11278
2017-09-14T13:54:34Z,53.22618,33.76736,11278
2017-09-14T13:55:04Z,53.28666,33.71086,11278
2017-09-14T13:55:34Z,53.34543,33.65587,11278
2017-09-14T13:56:04Z,53.40443,33.60047,11278
2017-09-14T13:56:34Z,53.46379,33.54465,11278
2017-09-14T13:57:04Z,53.52298,33.4887,11278
2017-09-14T13:57:34Z,53.5812,33.43346,11278
2017-09-14T13:58:06Z,53.64826,33.3773,11278
2017-09-14T13:58:36Z,53.71911,33.33159,11278
2017-09-14T13:59:06Z,53.79044,33.28917,11278
2017-09-14T13:59:36Z,53.86229,33.24646,11278
2017-09-14T13:59:56Z,53.90739,33.21336,11278
2017-09-14T14:00:17Z,53.94046,33.17424,11278
2017-09-14T14:00:37Z,53.96281,33.12703,11278
2017-09-14T14:01:17Z,53.98495,33.0304,11278
2017-09-14T14:01:47Z,54.00055,32.95692,11278
2017-09-14T14:02:17Z,54.0158,32.88399,11278
2017-09-14T14:02:47Z,54.03082,32.81287,11278
2017-09-14T14:03:17Z,54.04642,32.73917,11278
2017-09-14T14:03:47Z,54.06193,32.66584,11278
2017-09-14T14:04:17Z,54.07712,32.59406,11278
2017-09-14T14:04:47Z,54.09298,32.51958,11278
2017-09-14T14:05:17Z,54.10817,32.44807,11278
2017-09-14T14:06:33Z,54.16041,32.26643,11278
2017-09-14T14:07:04Z,54.18391,32.19589,11278
2017-09-14T14:07:34Z,54.20814,32.12302,11278
2017-09-14T14:08:04Z,54.23126,32.0534,11278
2017-09-14T14:08:34Z,54.25542,31.9805,11278
2017-09-14T14:09:13Z,54.29086,31.88942,11278
2017-09-14T14:09:43Z,54.32829,31.82218,11278
2017-09-14T14:10:13Z,54.36778,31.75681,11278
2017-09-14T14:10:43Z,54.40807,31.69011,11278
2017-09-14T14:11:13Z,54.44786,31.62391,11278
2017-09-14T14:11:43Z,54.48702,31.55864,11278
2017-09-14T14:12:14Z,54.52639,31.493,11278
2017-09-14T14:12:44Z,54.56613,31.42648,11278
2017-09-14T14:13:14Z,54.60568,31.36047,11278
2017-09-14T14:13:44Z,54.64465,31.29533,11278
2017-09-14T14:14:14Z,54.68332,31.23056,11278
2017-09-14T14:14:44Z,54.72231,31.16524,11278
2017-09-14T14:15:14Z,54.76245,31.09773,11278
2017-09-14T14:15:44Z,54.79991,31.03459,11278
2017-09-14T14:27:29Z,55.68894,29.49024,11278
2017-09-14T14:29:46Z,55.72847,29.16348,11278
2017-09-14T14:30:17Z,55.73585,29.09017,11278
2017-09-14T14:34:32Z,55.79305,28.4936,11247
2017-09-14T14:35:02Z,55.77896,28.42337,11186
2017-09-14T14:35:37Z,55.7591,28.34459,11095
2017-09-14T14:36:35Z,55.72656,28.21477,10973
2017-09-14T14:38:05Z,55.67575,28.01085,10973
2017-09-14T14:39:27Z,55.6201,27.83084,10973
2017-09-14T14:39:57Z,55.59989,27.76451,10973
2017-09-14T14:40:58Z,55.56024,27.63183,10881
2017-09-14T14:41:28Z,55.54154,27.56851,10668
2017-09-14T14:41:59Z,55.52153,27.50089,10394
2017-09-14T14:42:19Z,55.51309,27.45721,10211
2017-09-14T14:42:39Z,55.51578,27.41652,10028
2017-09-14T14:42:59Z,55.53081,27.37193,9845
2017-09-14T14:43:30Z,55.55754,27.31113,9571
2017-09-14T14:44:02Z,55.58574,27.24834,9296
2017-09-14T14:45:05Z,55.64111,27.12501,8717
2017-09-14T14:45:36Z,55.66695,27.06647,8443
2017-09-14T14:46:12Z,55.69716,26.99789,8138
2017-09-14T14:46:42Z,55.72172,26.94214,7864
2017-09-14T14:47:16Z,55.75028,26.87721,7559
2017-09-14T14:47:49Z,55.77562,26.81973,7285
2017-09-14T14:48:31Z,55.80899,26.74402,6919
2017-09-14T14:49:02Z,55.83178,26.69212,6645
2017-09-14T14:49:32Z,55.85558,26.63791,6401
2017-09-14T14:50:03Z,55.879,26.58453,6126
2017-09-14T14:50:40Z,55.90574,26.52351,6096
2017-09-14T14:51:11Z,55.9286,26.47133,6096
2017-09-14T14:51:44Z,55.95264,26.4164,6096
2017-09-14T14:52:21Z,55.98147,26.35043,6096
2017-09-14T14:52:55Z,56.00509,26.28836,6096
2017-09-14T14:53:15Z,56.00664,26.25087,6066
2017-09-14T14:54:06Z,55.97814,26.15868,5547
2017-09-14T14:54:36Z,55.95818,26.10305,5182
2017-09-14T14:55:06Z,55.93853,26.0477,4907
2017-09-14T14:55:36Z,55.91957,25.99328,4602
2017-09-14T14:56:06Z,55.89801,25.94054,4328
2017-09-14T14:56:36Z,55.87219,25.89119,4084
2017-09-14T14:57:07Z,55.84514,25.84073,3932
2017-09-14T14:57:37Z,55.81884,25.79164,3780
2017-09-14T14:58:07Z,55.79308,25.74343,3627
2017-09-14T14:58:40Z,55.76508,25.69093,3536
2017-09-14T14:59:10Z,55.73919,25.64251,3475
2017-09-14T14:59:25Z,55.7239,25.61844,3444
2017-09-14T14:59:50Z,55.68766,25.58867,3292
2017-09-14T15:00:20Z,55.63477,25.56658,3109
2017-09-14T15:00:35Z,55.60852,25.5563,3018
2017-09-14T15:00:50Z,55.58278,25.54459,2957
2017-09-14T15:01:10Z,55.55299,25.52175,2835
2017-09-14T15:01:38Z,55.52361,25.48819,2835
2017-09-14T15:01:56Z,55.50359,25.46452,2804
2017-09-14T15:02:11Z,55.48925,25.44736,2774
2017-09-14T15:02:26Z,55.47516,25.4295,2743
2017-09-14T15:02:41Z,55.46261,25.41231,2713
2017-09-14T15:02:57Z,55.45126,25.39541,2652
2017-09-14T15:03:14Z,55.44473,25.37451,2560
2017-09-14T15:03:32Z,55.44935,25.35333,2377
2017-09-14T15:03:47Z,55.46097,25.33873,2225
2017-09-14T15:04:02Z,55.47516,25.32568,2042
2017-09-14T15:04:17Z,55.48811,25.31352,1951
2017-09-14T15:04:33Z,55.50267,25.3003,1859
2017-09-14T15:04:49Z,55.51713,25.28708,1829
2017-09-14T15:05:04Z,55.52977,25.27544,1768
2017-09-14T15:05:19Z,55.54255,25.26357,1707
2017-09-14T15:05:34Z,55.55465,25.25221,1676
2017-09-14T15:05:49Z,55.56691,25.24072,1585
2017-09-14T15:06:05Z,55.57887,25.22937,1524
2017-09-14T15:06:22Z,55.59189,25.2171,1494
2017-09-14T15:06:39Z,55.60521,25.20456,1433
2017-09-14T15:06:59Z,55.62026,25.19309,1402
2017-09-14T15:07:14Z,55.633,25.18592,1341
2017-09-14T15:07:34Z,55.64731,25.1707,1250
2017-09-14T15:07:49Z,55.64687,25.15704,1189
2017-09-14T15:08:14Z,55.63456,25.13727,1097
2017-09-14T15:08:30Z,55.62414,25.12711,1067
2017-09-14T15:08:50Z,55.60527,25.12468,1006
2017-09-14T15:09:08Z,55.58859,25.12946,975
2017-09-14T15:09:30Z,55.57449,25.13649,945
2017-09-14T15:09:45Z,55.55615,25.14649,884
2017-09-14T15:10:01Z,55.54265,25.15388,853
2017-09-14T15:10:18Z,55.52948,25.16116,823
2017-09-14T15:10:35Z,55.51708,25.16805,792
2017-09-14T15:10:51Z,55.50428,25.17517,732
2017-09-14T15:11:06Z,55.49316,25.18135,671
2017-09-14T15:11:21Z,55.48355,25.18666,610
2017-09-14T15:11:36Z,55.47114,25.19357,549
2017-09-14T15:12:08Z,55.44857,25.20608,427
2017-09-14T15:12:23Z,55.43828,25.21179,366
2017-09-14T15:12:38Z,55.42811,25.21747,305
2017-09-14T15:12:53Z,55.41789,25.2231,244
2017-09-14T15:13:09Z,55.40789,25.22866,183